Municipality,Canton,Population,Area
Aadorf,TG,8838,19.93
Aarau,AG,21459,12.36
Aarberg,BE,4581,7.94
Aarburg,AG,8166,4.4
Aarwangen,BE,4514,9.87
Abtwil,AG,979,4.14
Aclens,VD,544,3.9
Acquarossa,TI,1850,61.77
Adelboden,BE,3371,87.64
Adligenswil,LU,5343,6.98
Adlikon,ZH,665,6.62
Adliswil,ZH,18803,7.78
Aedermannsdorf,SO,572,12.94
Aefligen,BE,1091,2.06
Aegerten,BE,2052,2.16
Aesch_BL,BL,10237,7.4
Aesch_LU,LU,1205,4.65
Aesch_ZH,ZH,1348,5.21
Aeschi_SO,SO,1221,5.41
Aeschi_bei_Spiez,BE,2285,30.93
Aeugst_am_Albis,ZH,1941,7.9
Affeltrangen,TG,2513,14.4
Affoltern_am_Albis,ZH,12146,10.53
Affoltern_im_Emmental,BE,1133,11.44
Agarn,VS,763,7.61
Agiez,VD,314,5.45
Agno,TI,4480,2.51
Aigle,VD,10131,16.5
Aire-la-Ville,GE,1169,2.88
Airolo,TI,1527,94.4
Alberswil,LU,655,3.56
Albinen,VS,243,15.56
Albula/Alvra,GR,1324,93.97
Alchenstorf,BE,579,6.61
Allaman,VD,438,2.59
Alle,JU,1832,10.65
Allmendingen,BE,579,3.77
Allschwil,BL,20913,8.91
Alpnach,OW,6024,53.83
Alpthal,SZ,613,22.94
Altbüron,LU,1025,6.72
Altdorf_UR,UR,9273,10.19
Altendorf,SZ,6926,20.48
Alterswil,FR,2029,16.15
Altikon,ZH,676,7.71
Altishofen,LU,1572,5.74
Altnau,TG,2161,6.71
Alto_Malcantone,TI,1405,22.06
Altstätten,SG,11549,39.56
Altwis,LU,438,2.93
Amden,SG,1784,43.04
Amlikon-Bissegg,TG,1301,14.43
Ammerswil,AG,695,3.2
Amriswil,TG,13293,18.99
Amsoldingen,BE,828,4.7
Andeer,GR,944,46.37
Andelfingen,ZH,2208,6.7
Andermatt,UR,1354,62.19
Andwil_SG,SG,1951,6.28
Anières,GE,2456,3.82
Anniviers,VS,2721,243.37
Anwil,BL,569,3.94
Appenzell,AI,5809,16.88
Apples,VD,1440,12.93
Aranno,TI,375,2.55
Arbaz,VS,1259,19.25
Arbedo-Castione,TI,5039,21.43
Arboldswil,BL,562,3.46
Arbon,TG,14256,6.01
Arch,BE,1573,6.4
Arconciel,FR,916,6.13
Ardon,VS,3137,20.34
Arisdorf,BL,1633,9.98
Aristau,AG,1496,8.7
Arlesheim,BL,9202,6.95
Arnex-sur-Nyon,VD,224,2.09
Arnex-sur-Orbe,VD,641,7.63
Arni_AG,AG,1845,3.46
Arni_BE,BE,935,10.38
Arogno,TI,1011,8.55
Arosa,GR,3185,154.72
Arth,SZ,11877,42
Arzier-Le_Muids,VD,2656,51.87
Ascona,TI,5534,4.94
Assens,VD,1069,5.31
Astano,TI,303,3.84
Attalens,FR,3427,9.81
Attinghausen,UR,1711,46.9
Attiswil,BE,1451,7.66
Au_SG,SG,7622,4.66
Aubonne,VD,3263,9.39
Auboranges,FR,285,1.93
Auenstein,AG,1586,5.71
Augst,BL,1011,1.62
Ausserberg,VS,623,15.02
Auswil,BE,447,4.56
Autigny,FR,793,6.2
Auw,AG,2161,8.55
Avegno_Gordevio,TI,1479,27.3
Avenches,VD,4208,19.43
Avers,GR,169,93.08
Avry,FR,1880,5.79
Avully,GE,1763,4.65
Avusy,GE,1434,5.17
Ayent,VS,3975,55.02
Baar,ZG,24322,24.77
Bachenbülach,ZH,4114,4.29
Bachs,ZH,593,9.18
Bad_Ragaz,SG,5923,25.43
Bad_Zurzach,AG,4327,6.55
Baden,AG,19339,13.19
Bagnes,VS,8100,284.14
Baldingen,AG,265,2.81
Balerna,TI,3345,2.53
Balgach,SG,4650,6.59
Ballaigues,VD,1092,9.1
Ballens,VD,524,8.41
Ballwil,LU,2786,8.75
Balm_bei_Günsberg,SO,204,5.47
Balsthal,SO,6094,15.72
Baltschieder,VS,1324,31.32
Bannwil,BE,681,4.73
Bardonnex,GE,2215,5.02
Bäretswil,ZH,5038,22.2
Bargen_BE,BE,1009,7.86
Bargen_SH,SH,306,8.27
Bäriswil,BE,1065,2.77
Bärschwil,SO,816,11.16
Basadingen-Schlattingen,TG,1811,15.63
Basel,BS,171513,23.89
Bas-Intyamon,FR,1387,33.26
Basse-Allaine,JU,1212,23
Bassersdorf,ZH,11655,8.99
Bassins,VD,1351,20.85
Bätterkinden,BE,3246,10.13
Bättwil,SO,1172,1.7
Bauen,UR,168,3.82
Baulmes,VD,1056,22.52
Bauma,ZH,4939,29.51
Bavois,VD,926,9.3
Beatenberg,BE,1208,29.2
Beckenried,NW,3654,24.27
Bedano,TI,1542,1.89
Bedigliora,TI,634,2.52
Bedretto,TI,109,75.23
Beggingen,SH,486,12.64
Begnins,VD,1910,4.8
Beinwil_Freiamt,AG,1140,11.34
Beinwil_SO,SO,277,22.68
Beinwil_am_See,AG,3254,3.82
Belfaux,FR,3338,8.91
Bellach,SO,5272,5.32
Bellevue,GE,3322,4.38
Bellikon,AG,1560,4.9
Bellinzona,TI,43181,164.09
Bellmund,BE,1647,3.82
Bellwald,VS,389,13.97
Belmont-Broye,FR,5425,25.82
Belmont-sur-Lausanne,VD,3655,2.61
Belmont-sur-Yverdon,VD,378,6.5
Belp,BE,11439,23.3
Belprahon,BE,298,3.82
Benken_SG,SG,3015,16.47
Benken_ZH,ZH,858,5.67
Bennwil,BL,665,6.6
Bercher,VD,1217,4.24
Berg_SG,SG,823,3.78
Berg_TG,TG,3301,13.19
Berg_am_Irchel,ZH,564,7.03
Bergdietikon,AG,2828,6.06
Bergün_Filisur,GR,961,190.14
Berikon,AG,4779,5.39
Beringen,SH,4643,18.65
Berken,BE,43,1.4
Berlingen,TG,887,3.57
Bern,BE,133798,51.61
Berneck,SG,3956,5.6
Bernex,GE,10007,12.97
Berolle,VD,301,9.63
Beromünster,LU,6478,42.18
Besenbüren,AG,626,2.34
Bettenhausen,BE,637,3.96
Bettens,VD,571,3.76
Bettingen,BS,1151,2.2
Bettlach,SO,4940,12.18
Bettmeralp,VS,449,28.79
Bettwiesen,TG,1172,3.88
Bettwil,AG,626,4.28
Beurnevésin,JU,119,5.1
Bever,GR,598,45.66
Bex,VD,7747,96.63
Biasca,TI,6126,59.03
Biberist,SO,8455,12.17
Biberstein,AG,1568,4.1
Bichelsee-Balterswil,TG,2820,12.12
Biel/Bienne,BE,54640,21.2
Biel-Benken,BL,3427,4.12
Bière,VD,1572,25.03
Biezwil,SO,323,4.15
Biglen,BE,1814,3.58
Billens-Hennens,FR,757,4.9
Binn,VS,140,65.09
Binningen,BL,15580,4.48
Bioggio,TI,2647,6.45
Bioley-Magnoux,VD,225,4.31
Bioley-Orjulaz,VD,491,3.09
Birmensdorf_ZH,ZH,6414,11.42
Birmenstorf_AG,AG,2990,7.76
Birr,AG,4357,5.05
Birrhard,AG,730,3
Birrwil,AG,1170,3.45
Birsfelden,BL,10410,2.58
Birwinken,TG,1337,12.26
Bischofszell,TG,5923,11.61
Bissone,TI,926,1.86
Bister,VS,32,5.8
Bitsch,VS,976,5.86
Blatten,VS,294,90.54
Blauen,BL,691,7.09
Bleienbach,BE,697,5.67
Blenio,TI,1826,202.17
Blonay,VD,6190,16.07
Blumenstein,BE,1227,15.5
Böbikon,AG,176,2.63
Böckten,BL,804,2.27
Bodio,TI,1031,6.43
Boécourt,JU,915,12.32
Bofflens,VD,192,4.17
Bogis-Bossey,VD,910,2.43
Bolken,SO,595,2.13
Bolligen,BE,6260,16.59
Boltigen,BE,1270,77.08
Bonaduz,GR,3294,14.45
Boncourt,JU,1211,9.02
Bonfol,JU,662,13.61
Bönigen,BE,2512,15.08
Boningen,SO,755,2.8
Boniswil,AG,1424,2.37
Bonstetten,ZH,5512,7.44
Bonvillars,VD,497,7.49
Boppelsen,ZH,1373,3.94
Borex,VD,1129,1.96
Bosco/Gurin,TI,50,22.02
Bösingen,FR,3430,14.32
Bossonnens,FR,1483,4.1
Boswil,AG,2840,11.76
Bottens,VD,1262,6.94
Bottenwil,AG,792,5.05
Botterens,FR,568,4.24
Bottighofen,TG,2180,2.43
Bottmingen,BL,6593,2.98
Böttstein,AG,3949,7.45
Boudry,NE,6124,16.76
Bougy-Villars,VD,481,1.78
Boulens,VD,378,3.42
Bourg-en-Lavaux,VD,5285,9.68
Bourg-Saint-Pierre,VS,181,89.81
Bournens,VD,417,3.89
Bourrignon,JU,261,13.53
Boussens,VD,982,3.18
Bovernier,VS,911,13.11
Bowil,BE,1360,14.7
Bözberg,AG,1594,15.56
Bözen,AG,749,3.94
Braunau,TG,765,9.16
Bregaglia,GR,1531,251.35
Breggia,TI,2033,25.58
Breil/Brigels,GR,1784,96.58
Breitenbach,SO,3848,6.84
Bremblens,VD,547,2.94
Bremgarten_AG,AG,7944,11.31
Bremgarten_bei_Bern,BE,4420,1.88
Brenzikofen,BE,488,2.2
Bretigny-sur-Morrens,VD,823,2.84
Bretonnières,VD,262,5.53
Bretzwil,BL,780,7.38
Brienz_BE,BE,3120,48.09
Brienzwiler,BE,494,17.63
Brig-Glis,VS,13109,37.68
Brione_Verzasca,TI,190,48.52
Brione_sopra_Minusio,TI,488,3.79
Brislach,BL,1643,9.41
Brissago,TI,1758,17.78
Brittnau,AG,3957,13.65
Broc,FR,2652,10.06
Brot-Plamboz,NE,263,16.16
Brugg,AG,11134,6.34
Brügg,BE,4287,5.02
Brunegg,AG,845,1.51
Brünisried,FR,658,3.27
Brusino_Arsizio,TI,485,4.18
Brusio,GR,1135,46.25
Brüttelen,BE,587,6.62
Brütten,ZH,2022,6.65
Bubendorf,BL,4339,10.85
Bubikon,ZH,7200,11.61
Buch_SH,SH,318,3.81
Buch_am_Irchel,ZH,971,10.16
Buchberg,SH,867,5.85
Buchegg,SO,2545,22.71
Buchholterberg,BE,1552,15.28
Buchillon,VD,641,2.13
Buchrain,LU,6116,4.79
Buchs_AG,AG,7950,5.32
Buchs_SG,SG,12612,15.94
Buchs_ZH,ZH,6315,5.87
Buckten,BL,694,2.02
Büetigen,BE,860,3.61
Bühl,BE,448,2.96
Bühler,AR,1766,5.59
Bülach,ZH,19888,16.06
Bulle,FR,22709,23.86
Bullet,VD,644,16.9
Bünzen,AG,1089,5.78
Buochs,NW,5409,9.92
Bürchen,VS,715,13.39
Bure,JU,659,13.71
Büren_SO,SO,1042,6.22
Büren_an_der_Aare,BE,3610,12.63
Burg_AG,AG,1023,0.92
Burg_im_Leimental,BL,262,2.88
Burgdorf,BE,16280,15.6
Burgistein,BE,1092,7.52
Bürglen_TG,TG,3741,11.72
Bürglen_UR,UR,3982,53.1
Büron,LU,2444,5.36
Bursinel,VD,487,1.8
Bursins,VD,738,3.4
Burtigny,VD,359,5.69
Buseno,GR,83,11.25
Büsserach,SO,2292,7.54
Bussigny,VD,8645,4.78
Bussnang,TG,2261,18.91
Busswil_bei_Melchnau,BE,188,2.88
Bussy-Chardonney,VD,374,3.04
Bussy-sur-Moudon,VD,208,3.13
Bütschwil-Ganterschwil,SG,4729,21.85
Büttenhardt,SH,389,4.01
Büttikon,AG,993,2.82
Buttisholz,LU,3287,16.68
Buttwil,AG,1229,4.56
Buus,BL,1035,8.86
Cademario,TI,796,3.94
Cadempino,TI,1507,0.77
Cadenazzo,TI,2932,8.4
Calanca,GR,195,37.67
Cama,GR,564,15.05
Campo_Vallemaggia,TI,53,43.41
Canobbio,TI,2116,1.25
Capriasca,TI,6660,36.27
Carouge_GE,GE,22336,2.65
Cartigny,GE,956,4.41
Caslano,TI,4330,2.8
Castaneda,GR,277,3.94
Castel_San_Pietro,TI,2130,11.79
Casti-Wergenstein,GR,55,25.59
Cazis,GR,2174,31.2
Celerina/Schlarigna,GR,1506,24.05
Céligny,GE,787,4.67
Centovalli,TI,1151,53.49
Cerentino,TI,49,20.1
Cevio,TI,1177,151.32
Chalais,VS,3528,24.37
Cham,ZG,16571,17.76
Chamblon,VD,533,2.86
Chamoson,VS,3787,32.47
Champagne,VD,1027,3.91
Champéry,VS,1342,38.92
Champoz,BE,168,7.16
Champtauroz,VD,128,3.03
Champvent,VD,674,8.98
Chancy,GE,1691,5.38
Chapelle_Glâne,FR,278,2.01
Chardonne,VD,2914,10.28
Charrat,VS,1799,7.59
Château-d'Oex,VD,3433,113.58
Châtel-Saint-Denis,FR,6723,47.89
Châtel-sur-Montsalvens,FR,285,2
Châtillon_FR,FR,462,1.31
Châtillon_JU,JU,481,5.27
Châtonnaye,FR,825,6.32
Chavannes-de-Bogis,VD,1306,2.87
Chavannes-des-Bois,VD,962,2.13
Chavannes-le-Chêne,VD,298,4
Chavannes-le-Veyron,VD,141,2.66
Chavannes-près-Renens,VD,7649,1.66
Chavannes-sur-Moudon,VD,220,5.15
Chavornay,VD,4903,19.24
Cheiry,FR,412,6.45
Chêne-Bougeries,GE,11862,4.14
Chêne-Bourg,GE,8708,1.26
Chénens,FR,858,3.94
Chêne-Pâquier,VD,138,2.08
Cheseaux-Noréaz,VD,703,5.94
Cheseaux-sur-Lausanne,VD,4357,4.56
Chéserex,VD,1220,10.55
Chessel,VD,402,3.53
Chevilly,VD,298,3.82
Chevroux,VD,469,3.42
Chexbres,VD,2255,2.2
Cheyres-Châbles,FR,2278,9.71
Chiasso,TI,8182,5.3
Chigny,VD,338,0.87
Chippis,VS,1580,1.98
Choulex,GE,1149,3.91
Chur,GR,35038,28
Churwalden,GR,2012,48.57
Clarmont,VD,189,1.01
Clavaleyres,BE,46,1
Clos_du_Doubs,JU,1303,61.77
Coeuve,JU,733,11.57
Coinsins,VD,483,2.95
Coldrerio,TI,2927,2.48
Collex-Bossy,GE,1687,6.86
Collina_d'Oro,TI,4911,6.19
Collombey-Muraz,VS,9018,29.74
Collonge-Bellerive,GE,8126,6.15
Collonges,VS,780,12.22
Cologny,GE,5531,3.68
Comano,TI,2032,2.04
Commugny,VD,2848,6.53
Concise,VD,970,11.38
Confignon,GE,4618,2.76
Conters_im_Prättigau,GR,225,18.4
Conthey,VS,8691,85.01
Coppet,VD,3152,1.85
Corbeyrier,VD,437,22.03
Corbières,FR,877,9.69
Corcelles_BE,BE,201,6.79
Corcelles-Cormondrèche,NE,4740,4.84
Corcelles-le-Jorat,VD,458,7.94
Corcelles-près-Concise,VD,377,4.06
Corcelles-près-Payerne,VD,2443,12.14
Corgémont,BE,1668,17.65
Corippo,TI,12,7.7
Corminboeuf,FR,2563,7.24
Cormoret,BE,486,13.52
Cornaux,NE,1586,4.71
Cornol,JU,1018,10.47
Corseaux,VD,2278,1.07
Corserey,FR,422,3.41
Corsier_GE,GE,2071,2.8
Corsier-sur-Vevey,VD,3401,6.73
Cortaillod,NE,4774,3.65
Cortébert,BE,705,14.82
Cossonay,VD,3813,8.23
Cottens_FR,FR,1497,4.98
Cottens_VD,VD,478,2.42
Courchapoix,JU,430,6.43
Courchavon,JU,293,6.24
Courgenay,JU,2302,18.44
Courgevaux,FR,1424,3.38
Courrendlin,JU,3448,21.53
Courroux,JU,3265,19.75
Court,BE,1427,24.56
Courtedoux,JU,782,8.14
Courtelary,BE,1391,22.11
Courtepin,FR,5416,17.8
Courtételle,JU,2582,13.57
Crans-Montana,VS,10565,59.59
Crans-près-Céligny,VD,2182,4.3
Crassier,VD,1153,2.02
Crémines,BE,519,9.46
Cressier_FR,FR,957,4.18
Cressier_NE,NE,1873,8.61
Crésuz,FR,342,1.8
Crissier,VD,8037,5.5
Croglio,TI,854,4.41
Cronay,VD,380,6.58
Croy,VD,379,4.5
Cuarnens,VD,479,7.06
Cuarny,VD,240,4.62
Cudrefin,VD,1589,15.58
Cugnasco-Gerra,TI,2877,35.77
Cugy_FR,FR,1729,9.9
Cugy_VD,VD,2735,2.9
Cureglia,TI,1387,1.1
Curio,TI,544,2.77
Curtilles,VD,318,4.97
Dachsen,ZH,1936,2.65
Dägerlen,ZH,1015,7.96
Dagmersellen,LU,5369,23.9
Daillens,VD,999,5.49
Dallenwil,NW,1814,15.52
Dällikon,ZH,4118,4.49
Dalpe,TI,186,14.52
Damphreux,JU,184,5.66
Däniken,SO,2784,5.46
Dänikon,ZH,1879,2.81
Dardagny,GE,1861,8.6
Därligen,BE,429,6.92
Därstetten,BE,862,32.85
Dättlikon,ZH,782,2.91
Davos,GR,10937,283.99
Degersheim,SG,4038,14.45
Deisswil_bei_Münchenbuchsee,BE,74,2.14
Deitingen,SO,2237,7.55
Delémont,JU,12625,22.01
Delley-Portalban,FR,1107,6.85
Démoret,VD,146,4.29
Denens,VD,774,3.29
Denges,VD,1617,1.69
Densbüren,AG,733,12.64
Derendingen,SO,6430,5.68
Develier,JU,1385,12.42
Diegten,BL,1656,9.61
Dielsdorf,ZH,5966,5.88
Diemerswil,BE,202,2.82
Diemtigen,BE,2200,130
Diepflingen,BL,738,1.43
Diepoldsau,SG,6502,11.19
Dierikon,LU,1503,2.77
Diessbach_bei_Büren,BE,990,6.31
Diessenhofen,TG,3745,10
Dietikon,ZH,27079,9.28
Dietlikon,ZH,7702,4.24
Dietwil,AG,1337,5.55
Dinhard,ZH,1557,7.07
Dintikon,AG,2235,3.72
Disentis/Mustér,GR,2092,91.05
Dittingen,BL,730,6.73
Dizy,VD,229,3.07
Domat/Ems,GR,8070,24.24
Domleschg,GR,1991,45.96
Dompierre_VD,VD,259,3.25
Donat,GR,211,4.66
Donneloye,VD,809,8.97
Doppleschwand,LU,786,6.95
Dorénaz,VS,930,12.54
Dorf,ZH,687,5.54
Dörflingen,SH,1027,5.78
Dornach,SO,6686,5.74
Dottikon,AG,3880,3.91
Döttingen,AG,4054,6.96
Dotzigen,BE,1492,4.23
Dozwil,TG,727,1.27
Drei_Höfe,SO,734,4.57
Dübendorf,ZH,28141,13.62
Düdingen,FR,7823,30.76
Duggingen,BL,1568,5.91
Duillier,VD,1080,4.05
Dulliken,SO,4964,6.01
Dully,VD,639,1.64
Dürnten,ZH,7570,10.21
Dürrenäsch,AG,1252,5.9
Dürrenroth,BE,1062,14.06
Ebersecken,LU,386,8.59
Ebikon,LU,13531,9.72
Ebnat-Kappel,SG,5012,43.51
Echallens,VD,5732,6.69
Echandens,VD,2762,3.87
Echarlens,FR,804,4.62
Echichens,VD,2706,13.27
Eclépens,VD,1093,5.82
Ecublens_FR,FR,344,4.86
Ecublens_VD,VD,12488,5.73
Ederswiler,JU,120,3.34
Effingen,AG,594,6.84
Egerkingen,SO,3520,6.93
Egg,ZH,8452,14.51
Eggenwil,AG,1053,2.52
Eggerberg,VS,340,6.09
Eggersriet,SG,2275,8.91
Eggiwil,BE,2455,60.25
Eglisau,ZH,5188,9.1
Egliswil,AG,1452,6.34
Egnach,TG,4681,18.48
Egolzwil,LU,1483,4.15
Ehrendingen,AG,4830,7.28
Eich,LU,1632,5.91
Eichberg,SG,1521,5.5
Eiken,AG,2298,7.01
Einsiedeln,SZ,15550,99
Eischoll,VS,438,14.06
Eisten,VS,197,37.94
Elfingen,AG,300,4.21
Elgg,ZH,4425,24.38
Ellikon_an_der_Thur,ZH,902,4.97
Elsau,ZH,3631,8.04
Embd,VS,301,13.36
Embrach,ZH,9432,12.72
Emmen,LU,30682,20.38
Emmetten,NW,1401,25.05
Endingen,AG,2530,11.85
Engelberg,OW,4155,74.89
Enges,NE,274,9.56
Ennetbaden,AG,3510,2.13
Ennetbürgen,NW,4698,9.4
Ennetmoos,NW,2147,14.09
Entlebuch,LU,3315,56.97
Epalinges,VD,9333,4.61
Ependes_FR,FR,1111,5.61
Ependes_VD,VD,361,4.8
Eppenberg-Wöschnau,SO,330,1.81
Epsach,BE,323,3.39
Eptingen,BL,530,11.21
Ergisch,VS,188,29.52
Eriswil,BE,1399,11.3
Eriz,BE,490,21.79
Erlach,BE,1427,3.44
Erlen,TG,3636,12.23
Erlenbach_ZH,ZH,5576,2.97
Erlenbach_im_Simmental,BE,1733,36.67
Erlinsbach_AG,AG,4195,9.87
Erlinsbach_SO,SO,3524,8.85
Ermatingen,TG,3202,10.42
Ermensee,LU,984,5.72
Ernen,VS,501,35.36
Erschwil,SO,920,7.47
Ersigen,BE,2068,15.46
Erstfeld,UR,3781,59.05
Eschenbach_LU,LU,3589,13.2
Eschenbach_SG,SG,9477,54.92
Eschenz,TG,1721,12.02
Eschert,BE,389,6.58
Eschlikon,TG,4296,6.2
Escholzmatt-Marbach,LU,4358,106.34
Essertes,VD,347,1.66
Essertines-sur-Rolle,VD,691,7.01
Essertines-sur-Yverdon,VD,981,9.76
Estavayer,FR,9494,44.89
Etagnières,VD,1117,3.76
Etoy,VD,2919,4.92
Ettingen,BL,5156,6.37
Ettiswil,LU,2691,12.52
Etziken,SO,869,3.37
Evilard,BE,2638,3.67
Evionnaz,VS,1260,48.07
Evolène,VS,1701,209.83
Eysins,VD,1601,2.36
Fahrni,BE,788,6.66
Fahrwangen,AG,2133,3.98
Fahy,JU,361,7.76
Faido,TI,2949,132.44
Falera,GR,623,22.35
Fällanden,ZH,8606,6.36
Faoug,VD,895,3.49
Farnern,BE,205,3.65
Féchy,VD,896,2.69
Fehraltorf,ZH,6416,9.5
Fehren,SO,589,1.48
Felben-Wellhausen,TG,2743,7.38
Feldbrunnen-St._Niklaus,SO,975,2.5
Felsberg,GR,2569,13.39
Ferden,VS,251,27.9
Ferenbalm,BE,1241,9.16
Ferpicloz,FR,283,1.02
Ferrera,GR,76,75.44
Ferreyres,VD,321,3.19
Fétigny,FR,1044,4.07
Feuerthalen,ZH,3641,2.5
Feusisberg,SZ,5272,17.49
Fey,VD,703,7.43
Fideris,GR,598,25.33
Fiesch,VS,918,11.04
Fieschertal,VS,334,172.79
Fiez,VD,425,6.81
Finhaut,VS,387,22.8
Finsterhennen,BE,560,3.57
Fischbach,LU,706,8.04
Fischbach-Göslikon,AG,1641,3.09
Fischenthal,ZH,2512,30.17
Fischingen,TG,2680,30.66
Fisibach,AG,510,5.72
Fislisbach,AG,5547,5.12
Flaach,ZH,1390,10.2
Fläsch,GR,774,19.95
Flawil,SG,10551,11.48
Flerden,GR,254,6.07
Flims,GR,2825,50.46
Flüelen,UR,1975,12.41
Flühli,LU,1956,108.09
Flumenthal,SO,947,3.08
Flums,SG,4941,75.18
Flurlingen,ZH,1440,2.41
Fontaines-sur-Grandson,VD,210,7.93
Fontenais,JU,1678,19.97
Forel_Lavaux,VD,2083,18.48
Forst-Längenbühl,BE,778,4.53
Founex,VD,3796,4.78
Fräschels,FR,467,3.14
Frasco,TI,107,25.95
Fraubrunnen,BE,5037,31.97
Frauenfeld,TG,25058,27.38
Frauenkappelen,BE,1235,9.28
Freienbach,SZ,16269,13.82
Freienstein-Teufen,ZH,2376,8.34
Freienwil,AG,1053,4
Freimettigen,BE,473,2.96
Frenkendorf,BL,6471,4.61
Fribourg,FR,38521,9.33
Frick,AG,5489,9.97
Froideville,VD,2557,7.02
Frutigen,BE,6917,72.3
Fulenbach,SO,1776,4.47
Füllinsdorf,BL,4472,4.63
Full-Reuenthal,AG,889,4.86
Fully,VS,8737,37.85
Furna,GR,213,33.25
Fürstenau,GR,349,1.3
Gächlingen,SH,864,7.21
Gachnang,TG,4211,9.83
Gais,AR,3096,21.21
Gaiserwald,SG,8368,12.64
Galgenen,SZ,5231,13.22
Galmiz,FR,672,8.99
Gals,BE,800,7.9
Gambarogno,TI,5137,51.71
Gampel-Bratsch,VS,1964,23.05
Gampelen,BE,973,10.56
Gams,SG,3404,22.28
Gänsbrunnen,SO,89,11.43
Gansingen,AG,1036,8.78
Gebenstorf,AG,5411,5.68
Gelterkinden,BL,6095,9.77
Geltwil,AG,216,3.27
Gempen,SO,880,5.97
Gempenach,FR,291,1.64
Genève,GE,200548,15.89
Genolier,VD,1937,4.85
Genthod,GE,2779,2.81
Gerlafingen,SO,5118,1.89
Geroldswil,ZH,4943,1.9
Gersau,SZ,2279,14.36
Gerzensee,BE,1194,7.81
Gettnau,LU,1151,6.05
Geuensee,LU,2911,6.43
Gibloux,FR,7306,36.12
Giebenach,BL,1031,1.33
Giez,VD,421,4.77
Giffers,FR,1606,5.21
Gilly,VD,1309,7.74
Gimel,VD,2016,18.91
Gingins,VD,1210,12.6
Giornico,TI,873,19.55
Gipf-Oberfrick,AG,3542,10.18
Gisikon,LU,1331,1.1
Giswil,OW,3651,85.9
Givisiez,FR,3199,3.47
Givrins,VD,989,3.94
Gland,VD,13078,8.37
Glarus,GL,12521,103.58
Glarus_Nord,GL,18247,147.07
Glarus_Süd,GL,9581,430.06
Glattfelden,ZH,5190,12.28
Gletterens,FR,1051,2.59
Goldach,SG,9048,4.74
Gollion,VD,917,5.48
Gommiswald,SG,5071,33.65
Goms,VS,1203,128.96
Gondiswil,BE,731,9.37
Gonten,AI,1455,24.76
Gontenschwil,AG,2159,9.75
Gordola,TI,4673,6.94
Göschenen,UR,462,104.13
Gossau_SG,SG,18171,27.44
Gossau_ZH,ZH,9968,18.32
Gottlieben,TG,323,0.35
Goumoëns,VD,1110,10.67
Graben,BE,332,3.17
Grabs,SG,6951,54.68
Grächen,VS,1293,14.26
Grancia,TI,515,0.6
Grancy,VD,403,5.63
Grandcour,VD,888,10.22
Grandevent,VD,229,3.44
Grandfontaine,JU,388,8.95
Grandson,VD,3280,7.85
Grandval,BE,393,8.23
Grandvillard,FR,830,24.33
Granges_Veveyse,FR,867,4.47
Granges-Paccot,FR,3686,3.95
Grangettes,FR,199,3.36
Gränichen,AG,7742,17.28
Gravesano,TI,1321,0.66
Greifensee,ZH,5354,2.27
Grellingen,BL,1833,3.3
Grenchen,SO,17140,26.04
Greng,FR,175,0.97
Grengiols,VS,432,58.53
Grens,VD,381,2.55
Greppen,LU,1075,3.34
Gretzenbach,SO,2733,5.83
Grimisuat,VS,3330,4.44
Grindel,SO,505,3.05
Grindelwald,BE,3775,171.34
Grolley,FR,1947,5.35
Grône,VS,2411,20.26
Grono,GR,1373,37.11
Grossaffoltern,BE,3032,15.14
Grossdietwil,LU,863,10.2
Grosshöchstetten,BE,4185,6.92
Grosswangen,LU,3273,19.72
Grub_AR,AR,1045,4.2
Grüningen,ZH,3382,8.75
Grüsch,GR,2074,43.28
Gruyères,FR,2203,28.48
Gryon,VD,1364,15.22
Gsteig,BE,978,62.42
Gsteigwiler,BE,405,7.03
Guggisberg,BE,1539,54.95
Gündlischwand,BE,324,16.77
Günsberg,SO,1166,5.3
Gunzgen,SO,1651,3.9
Gurbrü,BE,246,1.87
Gurmels,FR,4287,17.28
Gurtnellen,UR,558,83.41
Gurzelen,BE,829,4.48
Guttannen,BE,266,200.84
Guttet-Feschel,VS,418,10.41
Güttingen,TG,1560,9.56
Gy,GE,481,3.19
Habkern,BE,643,50.96
Habsburg,AG,440,2.24
Häfelfingen,BL,271,3.97
Hagenbuch,ZH,1106,8.15
Hägendorf,SO,5044,13.9
Häggenschwil,SG,1332,9.12
Hägglingen,AG,2422,7.76
Hagneck,BE,409,1.85
Haldenstein,GR,1025,18.54
Hallau,SH,2179,15.34
Hallwil,AG,875,2.2
Halten,SO,871,1.88
Härkingen,SO,1611,5.51
Hasle_LU,LU,1752,40.33
Hasle_bei_Burgdorf,BE,3350,21.92
Hasliberg,BE,1183,41.75
Hauenstein-Ifenthal,SO,308,5.31
Hauptwil-Gottshaus,TG,1917,12.51
Hausen_AG,AG,3629,3.17
Hausen_am_Albis,ZH,3664,13.63
Haute-Ajoie,JU,1104,40.91
Hauterive_FR,FR,2513,11.93
Hauterive_NE,NE,2650,2.16
Haute-Sorne,JU,6928,71.05
Hauteville,FR,652,10.54
Haut-Intyamon,FR,1542,60.32
Häutligen,BE,253,3.06
Hedingen,ZH,3694,6.56
Hefenhofen,TG,1243,6.18
Heiden,AR,4192,7.49
Heiligenschwendi,BE,682,5.51
Heimberg,BE,6765,5.4
Heimenhausen,BE,1115,5.84
Heimiswil,BE,1621,23.31
Heitenried,FR,1366,9.1
Hellikon,AG,782,7.07
Hellsau,BE,209,1.5
Hemberg,SG,920,20.22
Hemishofen,SH,468,7.89
Hemmiken,BL,251,3.41
Hendschiken,AG,1264,3.49
Henggart,ZH,2268,3.04
Henniez,VD,359,2.61
Herbetswil,SO,541,16.31
Herbligen,BE,600,2.74
Herdern,TG,1023,13.73
Hérémence,VS,1391,107.51
Hergiswil_NW,NW,5715,14.25
Hergiswil_bei_Willisau,LU,1908,31.34
Herisau,AR,15780,25.23
Hermance,GE,1036,1.45
Hermenches,VD,379,4.78
Hermrigen,BE,314,3.45
Herrliberg,ZH,6308,8.98
Hersberg,BL,309,1.69
Herznach,AG,1551,6.22
Herzogenbuchsee,BE,7140,9.83
Hettlingen,ZH,3179,5.82
Hildisrieden,LU,2275,6.99
Hilterfingen,BE,4072,2.8
Himmelried,SO,925,6.05
Hindelbank,BE,2495,6.75
Hinwil,ZH,11199,22.27
Hirschthal,AG,1589,3.54
Hittnau,ZH,3634,12.99
Hitzkirch,LU,5201,24.57
Hochdorf,LU,9832,9.56
Hochfelden,ZH,1934,6.18
Höchstetten,BE,278,2.57
Hochwald,SO,1306,8.29
Hofstetten_bei_Brienz,BE,531,8.73
Hofstetten-Flüh,SO,3108,7.52
Hohenrain,LU,2474,23.33
Hohentannen,TG,597,8
Holderbank_AG,AG,1320,2.33
Holderbank_SO,SO,693,7.78
Hölstein,BL,2499,5.97
Holziken,AG,1454,2.86
Homberg,BE,523,6.48
Hombrechtikon,ZH,8620,12.2
Homburg,TG,1537,24.15
Honau,LU,391,1.24
Horgen,ZH,20335,30.75
Höri,ZH,2738,4.77
Horn,TG,2600,1.75
Hornussen,AG,963,7.32
Horrenbach-Buchen,BE,226,20.41
Horriwil,SO,870,2.62
Horw,LU,13915,12.85
Hospental,UR,191,35.13
Hubersdorf,SO,742,1.37
Humlikon,ZH,486,3.68
Hundwil,AR,957,24.19
Hünenberg,ZG,8824,18.4
Hüniken,SO,126,1.01
Hüntwangen,ZH,1027,4.9
Hunzenschwil,AG,4015,3.26
Hüttikon,ZH,930,1.6
Hüttlingen,TG,837,11.65
Huttwil,BE,4836,17.31
Hüttwilen,TG,1701,17.63
Icogne,VS,565,24.93
Iffwil,BE,444,5.07
Ilanz/Glion,GR,4704,133.44
Illgau,SZ,797,10.98
Illnau-Effretikon,ZH,16975,32.91
Inden,VS,107,9.79
Ingenbohl,SZ,8856,13.42
Inkwil,BE,607,3.38
Innerthal,SZ,177,50.19
Innertkirchen,BE,1076,236.54
Ins,BE,3536,23.91
Interlaken,BE,5592,4.29
Inwil,LU,2557,10.29
Ipsach,BE,3996,1.89
Iseltwald,BE,441,21.92
Isenthal,UR,494,60.96
Isérables,VS,827,15.31
Islisberg,AG,609,1.64
Isone,TI,378,12.91
Itingen,BL,2085,3.11
Ittigen,BE,11335,4.22
Jaberg,BE,269,1.28
Jaun,FR,659,55.24
Jegenstorf,BE,5697,13.52
Jenaz,GR,1161,25.95
Jenins,GR,896,10.5
Jens,BE,666,4.62
Jonen,AG,2107,5.69
Jongny,VD,1550,2.16
Jonschwil,SG,3801,11.05
Jorat-Menthue,VD,1529,17.7
Jorat-Mézières,VD,2847,11.11
Jouxtens-Mézery,VD,1469,1.92
Juriens,VD,309,9.32
Jussy,GE,1294,11.35
Kaiseraugst,AG,5545,4.9
Kaiserstuhl,AG,437,0.31
Kaisten,AG,2671,18.09
Kallern,AG,368,2.67
Kallnach,BE,2207,18.05
Kaltbrunn,SG,4798,18.56
Kammersrohr,SO,29,0.94
Kandergrund,BE,780,32.11
Kandersteg,BE,1301,134.24
Känerkinden,BL,530,1.43
Kappel_SO,SO,3189,5.13
Kappel_am_Albis,ZH,1125,7.82
Kappelen,BE,1408,10.88
Kaufdorf,BE,1085,2.06
Kehrsatz,BE,4263,4.45
Kemmental,TG,2453,25.08
Kernenried,BE,531,3.32
Kerns,OW,6295,92.59
Kerzers,FR,5020,12.26
Kesswil,TG,992,4.41
Kestenholz,SO,1798,8.61
Kienberg,SO,514,8.56
Kiesen,BE,989,4.68
Kilchberg_BL,BL,161,1.6
Kilchberg_ZH,ZH,8470,2.59
Killwangen,AG,2080,2.41
Kippel,VS,331,11.68
Kirchberg_BE,BE,5940,9.02
Kirchberg_SG,SG,9016,42.56
Kirchdorf_BE,BE,1841,14.63
Kirchenthurnen,BE,273,1.23
Kirchleerau,AG,864,4.35
Kirchlindach,BE,3004,11.92
Kleinandelfingen,ZH,2076,10.29
Kleinbösingen,FR,654,3.03
Kleinlützel,SO,1244,16.34
Klingnau,AG,3486,6.72
Klosters-Serneus,GR,4437,219.89
Kloten,ZH,19408,19.33
Knonau,ZH,2305,6.49
Knutwil,LU,2182,9.73
Koblenz,AG,1670,4.06
Kölliken,AG,4467,8.84
Köniz,BE,41507,51.06
Konolfingen,BE,5292,12.71
Koppigen,BE,2092,6.93
Kradolf-Schönenberg,TG,3529,10.94
Krattigen,BE,1128,5.99
Krauchthal,BE,2333,19.37
Kreuzlingen,TG,21537,11.48
Kriechenwil,BE,420,4.78
Kriegstetten,SO,1315,1.12
Kriens,LU,26997,27.25
Küblis,GR,853,8.13
Künten,AG,1749,4.89
Küsnacht_ZH,ZH,14307,12.32
Küssnacht_SZ,SZ,12845,29.46
Küttigen,AG,6173,11.89
La_Baroche,JU,1176,31.13
La_Brévine,NE,627,41.93
La_Brillaz,FR,2028,10.28
La_Chaux_Cossonay,VD,421,6.77
La_Chaux-de-Fonds,NE,38625,55.74
La_Chaux-des-Breuleux,JU,89,4.05
La_Chaux-du-Milieu,NE,495,17.36
La_Côte-aux-Fées,NE,435,12.86
La_Ferrière,BE,542,14.17
La_Folliaz,FR,982,9.92
La_Grande-Béroche,NE,8964,42.21
La_Neuveville,BE,3698,6.8
La_Praz,VD,161,5.11
La_Punt-Chamues-ch,GR,712,63.22
La_Rippe,VD,1167,16.56
La_Roche,FR,1707,24.03
La_Sagne,NE,966,25.61
La_Sarraz,VD,2596,7.75
La_Sonnaz,FR,1129,6.93
La_Tène,NE,4954,5.32
La_Tour-de-Peilz,VD,11752,3.27
La_Verrerie,FR,1177,13.45
Laax,GR,1755,31.68
L'Abbaye,VD,1493,31.91
L'Abergement,VD,237,5.81
Lachen,SZ,8617,2.4
Laconnex,GE,682,3.82
Lajoux_JU,JU,664,12.39
Lalden,VS,669,1.28
Lamone,TI,1780,1.86
Lampenberg,BL,503,4.04
Lancy,GE,31942,4.84
Landiswil,BE,628,10.26
Landquart,GR,8849,18.92
Langenbruck,BL,957,15.7
Langendorf,SO,3772,1.96
Langenthal,BE,15639,17.24
Langnau_am_Albis,ZH,7533,8.67
Langnau_im_Emmental,BE,9419,48.38
Langrickenbach,TG,1279,10.85
Lantsch/Lenz,GR,554,21.83
Lauenen,BE,829,58.55
Lauerz,SZ,1081,9.18
Läufelfingen,BL,1321,8.14
Laufen,BL,5556,11.35
Laufenburg,AG,3635,14.45
Laufen-Uhwiesen,ZH,1668,6.29
Laupen,BE,3093,4.1
Laupersdorf,SO,1748,15.55
Lauperswil,BE,2629,21.17
Lausanne,VD,138905,41.37
Lausen,BL,5148,5.54
Lauterbrunnen,BE,2350,164.36
Lauwil,BL,316,7.32
Lavertezzo,TI,1329,58.14
Lavey-Morcles,VD,925,14.16
Lavigny,VD,1012,3.97
Lavizzara,TI,526,187.53
Lax,VS,308,5.42
Le_Bémont_JU,JU,314,11.67
Le_Cerneux-Péquignot,NE,317,15.68
Le_Châtelard,FR,378,7.47
Le_Chenit,VD,4597,99.18
Le_Flon,FR,1211,9.58
Le_Grand-Saconnex,GE,12131,4.36
Le_Landeron,NE,4647,10.23
Le_Lieu,VD,868,32.52
Le_Locle,NE,10389,23.08
Le_Mont-sur-Lausanne,VD,8097,9.72
Le_Mouret,FR,3134,18.6
Le_Noirmont,JU,1856,20.39
Le_Pâquier_FR,FR,1309,4.49
Le_Vaud,VD,1274,3.13
Leibstadt,AG,1319,6.38
Leimbach_AG,AG,452,1.13
Leissigen,BE,1079,10.41
Lengnau_AG,AG,2739,12.64
Lengnau_BE,BE,5195,7.43
Lengwil,TG,1682,8.84
Lenk,BE,2336,123.07
Lens,VS,4162,14.01
Lenzburg,AG,10572,11.35
Les_Bois,JU,1248,24.65
Les_Brenets,NE,1048,11.54
Les_Breuleux,JU,1536,10.82
Les_Clées,VD,181,7.04
Les_Enfers,JU,138,7.07
Les_Genevez_JU,JU,499,13.62
Les_Montets,FR,1439,10.31
Les_Planchettes,NE,205,11.69
Les_Ponts-de-Martel,NE,1275,18.13
Les_Verrières,NE,718,28.86
Leuggern,AG,2157,13.73
Leuk,VS,3926,55.13
Leukerbad,VS,1413,67.32
Leutwil,AG,765,3.76
Leuzigen,BE,1254,10.25
Leysin,VD,4032,18.54
Leytron,VS,3173,26.88
Lichtensteig,SG,1871,2.83
Liddes,VS,767,58.66
Liedertswil,BL,169,1.94
Liesberg,BL,1148,12.47
Liestal,BL,14269,18.17
Ligerz,BE,566,1.75
Lignerolle,VD,416,10.62
Lignières,NE,952,12.51
Lindau,ZH,5645,11.92
Linden,BE,1281,13.25
Linescio,TI,48,6.6
L'Isle,VD,1000,16.26
Locarno,TI,16012,18.79
Lohn_GR,GR,42,8.14
Lohn_SH,SH,771,4.88
Lohn-Ammannsegg,SO,2805,4.52
Löhningen,SH,1456,6.85
Lohnstorf,BE,225,1.81
Lommis,TG,1215,8.63
Lommiswil,SO,1528,5.77
Lonay,VD,2491,3.71
Longirod,VD,469,9.48
Losone,TI,6622,9.26
Lostallo,GR,760,50.9
Lostorf,SO,3959,13.27
Lotzwil,BE,2555,6.2
Lovatens,VD,141,3.47
Loveresse,BE,325,4.7
Lucens,VD,4133,19.29
Lufingen,ZH,2381,5.18
Lugano,TI,63494,75.98
Lugnez,JU,190,5.12
Luins,VD,605,2.64
Lully_FR,FR,1161,5.44
Lully_VD,VD,794,2.05
Lumino,TI,1470,10.17
Lumnezia,GR,2047,165.44
Lungern,OW,2122,46.49
Lupfig,AG,3117,8.45
Lupsingen,BL,1422,3.14
Lüscherz,BE,545,5.37
Lussery-Villars,VD,459,3.74
Lüsslingen-Nennigkofen,SO,1057,7.81
Lussy-sur-Morges,VD,668,2.36
Luterbach,SO,3485,4.55
Lüterkofen-Ichertswil,SO,786,4.39
Lüterswil-Gächliwil,SO,328,3.1
Luthern,LU,1295,37.83
Lütisburg,SG,1565,14.05
Lutry,VD,9986,8.43
Lütschental,BE,219,12.29
Lützelflüh,BE,4165,26.86
Lutzenberg,AR,1253,2.25
Luzein,GR,1573,83.82
Luzern,LU,81401,29.07
Lyss,BE,14887,14.87
Lyssach,BE,1424,6.04
Madiswil,BE,3279,23.16
Madulain,GR,209,16.35
Magden,AG,3918,11.01
Mägenwil,AG,2114,3.49
Maggia,TI,2586,111.17
Magliaso,TI,1607,1.1
Maienfeld,GR,2860,32.37
Maisprach,BL,939,5.02
Maladers,GR,505,7.62
Malans,GR,2341,11.38
Malters,LU,7231,28.6
Mammern,TG,650,5.47
Mandach,AG,341,5.56
Männedorf,ZH,10957,4.76
Manno,TI,1338,2.38
Maracon,VD,475,4.44
Marbach_SG,SG,2055,4.41
Marchissy,VD,454,11.94
Marly,FR,8201,7.71
Maroggia,TI,683,0.98
Marsens,FR,1913,7.83
Märstetten,TG,2784,9.93
Marthalen,ZH,1957,14.15
Martigny,VS,18174,24.94
Martigny-Combe,VS,2297,37.45
Maschwanden,ZH,641,4.68
Masein,GR,481,4.19
Massagno,TI,6268,0.73
Massongex,VS,1802,6.61
Massonnens,FR,527,4.3
Mathod,VD,616,6.6
Mathon,GR,53,15.13
Matran,FR,1523,2.92
Matten_bei_Interlaken,BE,4071,5.99
Mattstetten,BE,573,3.78
Matzendorf,SO,1317,11.29
Matzingen,TG,2675,7.69
Mauborget,VD,119,5.52
Mauensee,LU,1488,7.23
Maur,ZH,10170,14.81
Mauraz,VD,60,0.47
Medel_Lucmagn,GR,384,136.22
Meggen,LU,7138,7.25
Meienried,BE,53,0.65
Meierskappel,LU,1369,6.75
Meikirch,BE,2499,10.24
Meilen,ZH,13999,11.88
Meinier,GE,2141,6.94
Meinisberg,BE,1309,4.37
Meiringen,BE,4690,40.67
Meisterschwanden,AG,2967,4.28
Melano,TI,1445,4.57
Melchnau,BE,1536,10.37
Melide,TI,1816,1.64
Mellikon,AG,220,2.71
Mellingen,AG,5633,4.82
Mels,SG,8610,139.16
Meltingen,SO,645,5.76
Mendrisio,TI,14914,31.72
Ménières,FR,415,4.35
Menziken,AG,6308,6.4
Menzingen,ZG,4499,27.46
Menznau,LU,2902,30.38
Merenschwand,AG,3500,13.53
Mergoscia,TI,216,12.15
Merishausen,SH,849,17.54
Mervelier,JU,490,9.76
Merzligen,BE,400,2.26
Mesocco,GR,1374,164.75
Messen,SO,1493,11.9
Mettauertal,AG,2024,21.59
Mettembert,JU,105,2.36
Mettmenstetten,ZH,4886,13.07
Metzerlen-Mariastein,SO,932,8.5
Mex_VD,VD,720,2.9
Meyriez,FR,575,0.34
Meyrin,GE,24144,9.9
Mézières_FR,FR,1076,8.95
Mezzovico-Vira,TI,1356,11.13
Miège,VS,1348,2.54
Mies,VD,2050,3.51
Miglieglia,TI,311,5.14
Milvignes,NE,9008,8.82
Minusio,TI,7226,5.84
Mirchel,BE,630,2.35
Misery-Courtion,FR,1958,11.39
Missy,VD,351,3.05
Möhlin,AG,11061,18.81
Moiry,VD,313,6.68
Mollens_VD,VD,300,11.06
Molondin,VD,232,5.52
Mönchaltorf,ZH,3735,7.61
Montagny_FR,FR,2536,17.52
Montagny-près-Yverdon,VD,716,3.51
Montanaire,VD,2596,33.47
Montcherand,VD,481,3.04
Monteceneri,TI,4502,36
Monteggio,TI,891,3.33
Montet_Glâne,FR,391,2.22
Montfaucon,JU,623,18.24
Mönthal,AG,395,3.93
Montherod,VD,532,4.96
Monthey,VS,17563,28.65
Montilliez,VD,1731,11.84
Mont-la-Ville,VD,418,19.81
Mont-Noble,VS,1068,43.85
Montpreveyres,VD,647,4.16
Montreux,VD,26574,33.46
Montricher,VD,986,25.95
Mont-sur-Rolle,VD,2708,3.85
Mont-Tramelan,BE,118,4.71
Mont-Vully,FR,3601,17.5
Moosleerau,AG,910,3.86
Moosseedorf,BE,4114,6.36
Morbio_Inferiore,TI,4572,2.28
Morcote,TI,725,2.78
Mörel-Filet,VS,678,8.5
Morges,VD,15838,3.87
Mörigen,BE,891,2.2
Möriken-Wildegg,AG,4437,6.6
Morlon,FR,595,2.61
Morrens_VD,VD,1090,3.71
Morschach,SZ,1103,20.85
Mörschwil,SG,3583,9.86
Mosnang,SG,2884,50.55
Mötschwil,BE,127,2.9
Moudon,VD,6187,15.65
Moutier,BE,7477,19.69
Movelier,JU,420,8.06
Muhen,AG,3876,7.02
Mühlau,AG,1174,5.52
Mühleberg,BE,2974,26.29
Mühlethurnen,BE,1378,2.91
Müllheim,TG,2930,8.77
Mülligen,AG,1107,3.18
Mümliswil-Ramiswil,SO,2441,35.4
Mumpf,AG,1469,3.15
Münchenbuchsee,BE,10079,8.84
Münchenstein,BL,12203,7.18
Münchenwiler,BE,514,2.48
Münchwilen_AG,AG,930,2.48
Münchwilen_TG,TG,5353,7.81
Münsingen,BE,12533,15.84
Münsterlingen,TG,3328,5.46
Muntelier,FR,972,1.14
Müntschemier,BE,1396,4.86
Muolen,SG,1200,10.37
Muotathal,SZ,3515,172.16
Muralto,TI,2713,0.63
Murgenthal,AG,2987,18.61
Muri_AG,AG,7809,12.32
Muri_bei_Bern,BE,13058,7.59
Muriaux,JU,493,16.89
Murten,FR,8222,24.74
Mutrux,VD,163,3.22
Muttenz,BL,17805,16.61
Muzzano,TI,812,1.52
Naters,VS,9983,147.36
Nebikon,LU,2645,3.73
Neckertal,SG,4043,48.95
Neerach,ZH,3151,6
Neftenbach,ZH,5553,15.05
Neggio,TI,317,0.83
Nendaz,VS,6595,85.89
Nenzlingen,BL,432,3.68
Nesslau,SG,3599,92.62
Neuchâtel,NE,33578,17.98
Neuendorf,SO,2157,7.14
Neuenegg,BE,5543,21.9
Neuenhof,AG,8783,5.41
Neuenkirch,LU,7104,25.46
Neuhausen_am_Rheinfall,SH,10454,7.99
Neuheim,ZG,2245,7.93
Neunforn,TG,986,11.35
Neunkirch,SH,2201,17.88
Neyruz,FR,2593,5.56
Nidau,BE,6827,1.53
Niederbipp,BE,4717,17.41
Niederbuchsiten,SO,1169,5.47
Niederbüren,SG,1524,15.82
Niederdorf,BL,1807,4.37
Niedergesteln,VS,703,17.69
Niederglatt,ZH,4949,3.61
Niedergösgen,SO,3861,4.32
Niederhasli,ZH,9202,11.29
Niederhelfenschwil,SG,3117,16.37
Niederhünigen,BE,614,5.4
Niederlenz,AG,4785,3.29
Niedermuhlern,BE,499,7.19
Niederönz,BE,1675,2.81
Niederried_bei_Interlaken,BE,348,4.26
Niederrohrdorf,AG,4116,3.34
Niederweningen,ZH,3035,6.85
Niederwil_AG,AG,2833,6.07
Nods,BE,761,26.6
Noréaz,FR,695,6.9
Nottwil,LU,3848,10.33
Novaggio,TI,829,4.33
Novalles,VD,101,2.01
Novazzano,TI,2365,5.21
Noville,VD,1054,10.4
Nuglar-St._Pantaleon,SO,1486,6.34
Nunningen,SO,1893,10.25
Nürensdorf,ZH,5611,10.09
Nusshof,BL,255,1.73
Nuvilly,FR,424,3.95
Nyon,VD,20533,6.87
Oberägeri,ZG,6059,30.03
Oberbalm,BE,869,12.34
Oberbipp,BE,1733,8.45
Oberbuchsiten,SO,2238,9.36
Oberbüren,SG,4321,17.8
Oberburg,BE,2917,14.12
Oberdiessbach,BE,3523,16.52
Oberdorf_BL,BL,2409,6.29
Oberdorf_NW,NW,3133,16.1
Oberdorf_SO,SO,1703,11.89
Oberegg,AI,1907,14.61
Oberembrach,ZH,1058,10.19
Oberems,VS,124,50.19
Oberengstringen,ZH,6620,2.13
Oberentfelden,AG,8353,7.21
Obergerlafingen,SO,1163,1.5
Oberglatt,ZH,6988,8.26
Obergoms,VS,662,155.93
Obergösgen,SO,2232,3.62
Oberhallau,SH,434,6.03
Oberhelfenschwil,SG,1267,12.71
Oberhof,AG,604,8.15
Oberhofen_am_Thunersee,BE,2415,2.75
Oberhünigen,BE,308,6.04
Oberiberg,SZ,888,33.18
Oberkirch,LU,4679,9.11
Oberkulm,AG,2712,9.43
Oberlangenegg,BE,475,9.13
Oberlunkhofen,AG,2039,3.27
Obermumpf,AG,1072,5.03
Oberried_am_Brienzersee,BE,476,20.18
Oberrieden,ZH,5090,2.76
Oberriet_SG,SG,8839,34.55
Oberrohrdorf,AG,4080,4.32
Oberrüti,AG,1535,5.34
Obersaxen_Mundaun,GR,1160,70.31
Obersiggenthal,AG,8559,8.37
Obersteckholz,BE,412,3.91
Oberthal,BE,731,10.55
Oberuzwil,SG,6450,14.09
Oberweningen,ZH,1802,4.91
Oberwil_BL,BL,11221,7.87
Oberwil_bei_Büren,BE,856,6.75
Oberwil_im_Simmental,BE,797,45.91
Oberwil-Lieli,AG,2419,5.36
Obfelden,ZH,5356,7.56
Ochlenberg,BE,563,12.1
Oekingen,SO,835,2.39
Oensingen,SO,6299,12.07
Oeschenbach,BE,240,3.88
Oeschgen,AG,1025,4.42
Oetwil_am_See,ZH,4762,6.09
Oetwil_an_der_Limmat,ZH,2479,2.77
Oftringen,AG,13792,12.88
Ogens,VD,304,3.38
Ollon,VD,7497,59.53
Olsberg,AG,358,4.64
Olten,SO,18389,11.46
Oltingen,BL,470,7.2
Onex,GE,18977,2.82
Onnens_VD,VD,476,5.13
Onsernone,TI,693,105.27
Opfikon,ZH,19978,5.6
Oppens,VD,194,3.62
Oppligen,BE,644,3.41
Orbe,VD,6987,12.04
Orges,VD,336,4.06
Origlio,TI,1471,2.08
Ormalingen,BL,2201,6.94
Ormont-Dessous,VD,1115,64.1
Ormont-Dessus,VD,1468,61.6
Orny,VD,357,5.51
Oron,VD,5461,24.61
Orpund,BE,2734,3.94
Orselina,TI,735,1.94
Orsières,VS,3190,164.91
Orvin,BE,1204,21.62
Orzens,VD,194,4.21
Ossingen,ZH,1567,13.09
Ostermundigen,BE,17546,5.97
Otelfingen,ZH,2842,7.19
Othmarsingen,AG,2892,4.72
Ottenbach,ZH,2569,5.01
Oulens-sous-Echallens,VD,578,5.87
Pailly,VD,543,5.76
Pampigny,VD,1126,11.11
Paradiso,TI,4144,0.85
Paudex,VD,1481,0.5
Payerne,VD,9699,24.22
Penthalaz,VD,3276,3.85
Penthaz,VD,1725,3.85
Penthéréaz,VD,418,5.71
Perly-Certoux,GE,3074,2.56
Perrefitte,BE,460,8.61
Perroy,VD,1508,2.87
Personico,TI,344,38.91
Péry-La_Heutte,BE,1933,23.75
Peseux,NE,5825,3.42
Petit-Val,BE,408,23.82
Pfäfers,SG,1574,128.41
Pfäffikon,ZH,11864,19.51
Pfaffnau,LU,2668,17.66
Pfeffingen,BL,2358,4.86
Pfungen,ZH,3851,4.99
Pfyn,TG,1943,13.07
Pierrafortscha,FR,154,5.07
Pieterlen,BE,4225,8.37
Plaffeien,FR,3601,66.61
Plan-les-Ouates,GE,10697,5.82
Plasselb,FR,1048,18.16
Plateau_de_Diesse,BE,2067,25.62
Pleigne,JU,353,17.81
Pohlern,BE,257,9.89
Poliez-Pittet,VD,850,4.97
Pollegio,TI,757,5.98
Pompaples,VD,853,4.44
Pomy,VD,785,5.6
Ponte_Capriasca,TI,1889,6.21
Ponte_Tresa,TI,795,0.41
Pont-en-Ogoz,FR,1807,10.13
Ponthaux,FR,727,5.93
Pont-la-Ville,FR,599,4.36
Pontresina,GR,2195,118.21
Porrentruy,JU,6809,14.79
Port,BE,3624,2.43
Port-Valais,VS,3995,14.37
Porza,TI,1580,1.54
Poschiavo,GR,3516,190.97
Prangins,VD,4072,6.05
Prato_Leventina,TI,413,16.82
Pratteln,BL,16388,10.74
Pregny-Chambésy,GE,3970,3.25
Premier,VD,210,6.05
Presinge,GE,687,4.72
Préverenges,VD,5286,1.85
Prévondavaux,FR,70,1.83
Prévonloup,VD,160,1.81
Prez-vers-Noréaz,FR,1109,5.72
Prilly,VD,12110,2.19
Provence,VD,388,31.88
Puidoux,VD,2902,22.8
Pully,VD,18160,5.94
Puplinge,GE,2430,2.65
Pura,TI,1364,3.09
Quarten,SG,2877,61.69
Quinto,TI,1044,75.28
Radelfingen,BE,1266,14.71
Rafz,ZH,4483,10.71
Rain,LU,2770,9.44
Ramlinsburg,BL,746,2.26
Ramsen,SH,1478,13.45
Rances,VD,485,9.88
Randa,VS,444,54.44
Raperswilen,TG,391,7.72
Rapperswil_BE,BE,2659,22.55
Rapperswil-Jona,SG,26989,22.15
Raron,VS,1930,30.27
Realp,UR,151,77.81
Rebeuvelier,JU,386,8.42
Rebstein,SG,4501,4.35
Recherswil,SO,1968,3.34
Rechthalten,FR,1083,7.29
Reconvilier,BE,2308,8.24
Regensberg,ZH,474,2.39
Regensdorf,ZH,18317,14.6
Rehetobel,AR,1750,6.71
Reichenbach_im_Kandertal,BE,3616,125.78
Reichenburg,SZ,3633,11.54
Reiden,LU,7038,27
Reigoldswil,BL,1613,9.18
Reinach_AG,AG,8490,9.55
Reinach_BL,BL,19144,6.93
Reisiswil,BE,177,1.97
Reitnau,AG,1542,7.98
Rekingen_AG,AG,944,3.12
Remaufens,FR,1072,5.9
Remetschwil,AG,1993,3.85
Remigen,AG,1136,7.89
Renan_BE,BE,923,12.64
Renens_VD,VD,21036,2.95
Rennaz,VD,843,2.18
Reute_AR,AR,690,4.95
Reutigen,BE,983,11.28
Reverolle,VD,382,1.16
Rhäzüns,GR,1494,13.28
Rheinau,ZH,1299,8.93
Rheineck,SG,3485,2.22
Rheinfelden,AG,13537,16.05
Rheinwald,GR,635,136.82
Riaz,FR,2627,7.78
Richterswil,ZH,13454,7.53
Rickenbach_BL,BL,594,2.92
Rickenbach_LU,LU,3254,11.78
Rickenbach_SO,SO,964,2.76
Rickenbach_TG,TG,2768,1.59
Rickenbach_ZH,ZH,2671,6.05
Riddes,VS,3079,23.89
Ried_bei_Kerzers,FR,1185,7.54
Ried-Brig,VS,2092,47.61
Riederalp,VS,481,19.04
Riedholz,SO,2322,7.17
Riehen,BS,21244,10.89
Riemenstalden,SZ,88,11.21
Rietheim,AG,727,3.91
Rifferswil,ZH,1103,6.58
Riggisberg,BE,2491,29.91
Ringgenberg_BE,BE,2663,8.74
Riniken,AG,1449,4.76
Risch,ZG,10515,14.82
Riva_San_Vitale,TI,2617,6.08
Rivaz,VD,352,0.29
Riviera,TI,4192,86.57
Roche_VD,VD,1647,6.42
Rochefort,NE,1266,25.79
Roches_BE,BE,196,9.03
Rodersdorf,SO,1317,5.32
Roggenburg,BL,268,6.68
Roggliswil,LU,688,6.22
Roggwil_BE,BE,4051,7.84
Roggwil_TG,TG,3050,11.93
Rohr_SO,SO,96,2.22
Rohrbach,BE,1469,4.08
Rohrbachgraben,BE,397,6.46
Rolle,VD,6218,2.72
Romainmôtier-Envy,VD,550,6.99
Romanel-sur-Lausanne,VD,3298,2.92
Romanel-sur-Morges,VD,469,1.71
Romanshorn,TG,10770,8.69
Römerswil,LU,1769,16.68
Romont_BE,BE,188,6.94
Romont_FR,FR,5304,10.88
Romoos,LU,670,37.35
Ronco_sopra_Ascona,TI,608,4.99
Rongellen,GR,53,2.04
Root,LU,4995,8.65
Ropraz,VD,456,4.77
Rorbas,ZH,2841,4.5
Rorschach,SG,9418,1.77
Rorschacherberg,SG,7177,7.12
Röschenz,BL,1880,10.02
Rossa,GR,152,58.93
Rossemaison,JU,641,1.93
Rossenges,VD,62,1.06
Rossinière,VD,543,23.35
Röthenbach_im_Emmental,BE,1184,36.8
Rothenbrunnen,GR,311,3.1
Rothenburg,LU,7571,15.49
Rothenfluh,BL,780,10.91
Rothenthurm,SZ,2395,22.76
Rothrist,AG,9109,11.82
Rottenschwil,AG,857,4.46
Rougemont,VD,889,48.54
Roveredo_GR,GR,2483,38.77
Rovio,TI,838,5.64
Rovray,VD,186,3.23
Rubigen,BE,2924,6.94
Rüderswil,BE,2363,17.19
Rüdlingen,SH,753,5.53
Rudolfstetten-Friedlisberg,AG,4507,4.88
Rüdtligen-Alchenflüh,BE,2396,2.71
Rue,FR,1505,11.27
Rüeggisberg,BE,1789,35.75
Rüegsau,BE,3256,15.03
Rueyres,VD,256,1.99
Rüfenach,AG,854,4.18
Rumendingen,BE,77,2.48
Rümikon,AG,337,2.93
Rumisberg,BE,487,5.13
Rümlang,ZH,7968,12.42
Rümligen,BE,440,4.7
Rümlingen,BL,390,2.29
Rünenberg,BL,777,4.96
Rupperswil,AG,5491,6.16
Rüschegg,BE,1630,57.3
Rüschlikon,ZH,5853,2.93
Russikon,ZH,4367,14.27
Russin,GE,548,4.93
Ruswil,LU,6856,45.3
Rüte,AI,3606,40.77
Rüthi_SG,SG,2357,9.32
Rüti_ZH,ZH,12157,10.09
Rüti_bei_Büren,BE,846,6.5
Rüti_bei_Lyssach,BE,166,1.33
Rütschelen,BE,564,4.01
Rüttenen,SO,1495,8.79
Saanen,BE,6901,120.07
Saas-Almagell,VS,377,110.52
Saas-Balen,VS,349,30.29
Saas-Fee,VS,1597,40.33
Saas-Grund,VS,1027,24.79
Sachseln,OW,5092,53.86
Safenwil,AG,3844,6.03
Safiental,GR,905,151.42
Safnern,BE,1903,5.64
Sagogn,GR,686,6.95
Saicourt,BE,626,13.8
Saignelégier,JU,2558,31.76
Saillon,VS,2574,13.68
Saint-Aubin_FR,FR,1755,7.91
Saint-Barthélemy_VD,VD,771,4.14
Saint-Blaise,NE,3230,8.87
Saint-Brais,JU,226,15.14
Saint-Cergue,VD,2547,24.26
Sainte-Croix,VD,4916,39.36
Saint-George,VD,1028,12.32
Saint-Gingolph,VS,963,14.46
Saint-Imier,BE,5156,20.8
Saint-Légier-La_Chiésaz,VD,5163,15.21
Saint-Léonard,VS,2316,3.88
Saint-Livres,VD,682,8.11
Saint-Martin_FR,FR,1007,9.76
Saint-Martin_VS,VS,829,36.94
Saint-Maurice,VS,4595,14.89
Saint-Oyens,VD,365,3.04
Saint-Prex,VD,5682,5.49
Saint-Saphorin_Lavaux,VD,395,0.87
Saint-Sulpice_VD,VD,4508,1.82
Salenstein,TG,1285,6.49
Sâles,FR,1423,18.81
Salgesch,VS,1511,11.4
Salmsach,TG,1451,2.64
Salvan,VS,1374,53.4
Samedan,GR,2956,113.96
Samnaun,GR,762,56.15
San_Vittore,GR,825,22.03
Santa_Maria_in_Calanca,GR,112,9.32
Sant'Antonino,TI,2513,6.56
Sargans,SG,6118,9.46
Sarmenstorf,AG,2904,8.27
Sarnen,OW,10236,73.15
Satigny,GE,4109,18.91
Sattel,SZ,1946,17.35
Saubraz,VD,423,3.69
Sauge,BE,816,13.46
Saulcy,JU,265,7.92
Saules_BE,BE,153,4.26
Savièse,VS,7594,70.99
Savigny,VD,3348,16.1
Savosa,TI,2230,0.75
Saxeten,BE,100,19.42
Saxon,VS,5774,23.22
Schaffhausen,SH,36332,41.94
Schafisheim,AG,2984,6.34
S-chanf,GR,685,138.02
Schangnau,BE,897,36.52
Schänis,SG,3812,39.88
Scharans,GR,807,14.29
Schattdorf,UR,5382,16.29
Schattenhalb,BE,560,31.55
Schelten,BE,34,5.54
Schenkon,LU,2862,6.77
Scheuren,BE,447,2.1
Schiers,GR,2613,61.72
Schinznach,AG,2249,12.23
Schinznach-Bad,AG,1354,1.88
Schlatt_TG,TG,1657,15.51
Schlatt_ZH,ZH,735,9.04
Schlatt-Haslen,AI,1126,17.89
Schleinikon,ZH,736,5.66
Schleitheim,SH,1688,21.53
Schlierbach,LU,878,7.22
Schlieren,ZH,18760,6.54
Schlossrued,AG,838,7.27
Schluein,GR,623,4.81
Schmerikon,SG,3724,4.09
Schmiedrued,AG,1168,8.6
Schmitten_FR,FR,4078,13.5
Schmitten_GR,GR,246,11.32
Schneisingen,AG,1463,8.3
Schnottwil,SO,1123,7.16
Schöfflisdorf,ZH,1405,3.95
Schöftland,AG,4405,6.21
Schönenbuch,BL,1385,1.33
Schönengrund,AR,518,5.2
Schönenwerd,SO,4902,3.74
Schongau,LU,1044,12.43
Schönholzerswilen,TG,839,10.96
Schötz,LU,4396,15.32
Schübelbach,SZ,9167,29.04
Schupfart,AG,803,7.03
Schüpfen,BE,3752,19.87
Schüpfheim,LU,4181,38.41
Schwaderloch,AG,673,2.79
Schwadernau,BE,673,4.09
Schwanden_bei_Brienz,BE,603,7.03
Schwarzenberg,LU,1690,39.26
Schwarzenburg,BE,6827,44.82
Schwarzhäusern,BE,517,3.77
Schwellbrunn,AR,1579,17.4
Schwende,AI,2202,57.48
Schwendibach,BE,249,1.53
Schwerzenbach,ZH,5093,2.64
Schwyz,SZ,15000,53.09
Scuol,GR,4598,438.76
Seeberg,BE,1545,16.85
Seedorf_BE,BE,3113,20.88
Seedorf_UR,UR,1804,15.48
Seegräben,ZH,1440,3.78
Seehof,BE,63,8.41
Seelisberg,UR,679,13.18
Seengen,AG,3994,9.62
Seewen,SO,1014,16.39
Seewis_im_Prättigau,GR,1381,49.6
Seftigen,BE,2191,3.92
Seltisberg,BL,1311,3.54
Selzach,SO,3453,19.46
Sembrancher,VS,1034,17.72
Sempach,LU,4128,8.94
Semsales,FR,1431,29.39
Senarclens,VD,505,3.95
Senèdes,FR,158,0.49
Sennwald,SG,5564,41.55
Seon,AG,5279,9.64
Sergey,VD,137,1.48
Serravalle,TI,2071,96.77
Servion,VD,1901,6.27
Sessa,TI,682,2.9
Seuzach,ZH,7312,7.6
Sévaz,FR,293,2.48
Sevelen,SG,5049,30.3
Sévery,VD,233,2.4
Siblingen,SH,863,9.37
Sierre,VS,16860,19.15
Siglistorf,AG,639,5.55
Signau,BE,2694,22.15
Signy-Avenex,VD,566,1.93
Sigriswil,BE,4788,55.34
Silenen,UR,1991,144.75
Sils_im_Domleschg,GR,930,9.3
Sils_im_Engadin/Segl,GR,691,63.55
Silvaplana,GR,1117,44.74
Simplon,VS,304,91.11
Sins,AG,4271,20.27
Sion,VS,34599,34.76
Sirnach,TG,7697,12.39
Siselen,BE,574,5.52
Sisikon,UR,364,16.44
Sissach,BL,6666,8.93
Sisseln,AG,1614,2.58
Siviriez,FR,2199,20.28
Soazza,GR,337,46.37
Solothurn,SO,16703,6.25
Sommeri,TG,549,4.21
Sonceboz-Sombeval,BE,1944,14.95
Sonogno,TI,88,37.55
Sonvilier,BE,1240,23.8
Soral,GE,822,2.93
Sorengo,TI,1779,0.85
Sorens,FR,1087,8.73
Sorvilier,BE,279,6.89
Soubey,JU,132,13.5
Soyhières,JU,448,7.53
Speicher,AR,4293,8.2
Spiez,BE,12707,16.73
Spiringen,UR,843,64.76
Spreitenbach,AG,11883,8.62
St._Antoni,FR,2039,16.82
St._Gallen,SG,75522,39.33
St._Margrethen,SG,5889,6.85
St._Moritz,GR,4994,28.69
St._Niklaus,VS,2227,89.3
St._Silvester,FR,973,7.02
St._Stephan,BE,1332,60.86
St._Ursen,FR,1332,15.68
Stabio,TI,4616,6.16
Stadel,ZH,2280,12.88
Stäfa,ZH,14435,8.61
Staffelbach,AG,1280,8.96
Stalden_VS,VS,1101,10.6
Staldenried,VS,543,14.23
Stallikon,ZH,3717,12.02
Stammheim,ZH,2746,23.93
Stans,NW,8411,11.08
Stansstad,NW,4494,9.1
Starrkirch-Wil,SO,1692,1.84
Staufen,AG,3337,3.53
Steckborn,TG,3740,8.77
Steffisburg,BE,15816,13.37
Steg-Hohtenn,VS,1569,14.03
Stein_AG,AG,3167,2.81
Stein_AR,AR,1423,9.33
Stein_am_Rhein,SH,3376,5.82
Steinach,SG,3591,4.5
Steinen,SZ,3355,11.83
Steinerberg,SZ,954,6.96
Steinhausen,ZG,9875,5.04
Steinmaur,ZH,3482,9.47
Stetten_AG,AG,2194,4.45
Stetten_SH,SH,1376,4.71
Stettfurt,TG,1201,6.31
Stettlen,BE,3105,3.49
Stocken-Höfen,BE,1004,14.24
Strengelbach,AG,4892,6.05
Studen_BE,BE,3278,2.76
Stüsslingen,SO,1065,6.13
Subingen,SO,3177,6.24
Suchy,VD,604,6.69
Sufers,GR,141,34.56
Suhr,AG,10403,10.61
Sulgen,TG,3703,9.06
Sullens,VD,1004,3.9
Sumiswald,BE,5044,59.38
Sumvitg,GR,1179,101.84
Surpierre,FR,715,8.3
Sursee,LU,9900,5.85
Surses,GR,2343,323.75
Suscévaz,VD,200,4.15
Sutz-Lattrigen,BE,1382,3.56
Syens,VD,149,2.53
Tafers,FR,3354,8.42
Tägerig,AG,1518,3.28
Tägerwilen,TG,4510,11.57
Tamins,GR,1213,40.71
Tannay,VD,1595,1.78
Tartegnin,VD,235,1.09
Täsch,VS,1295,58.72
Täuffelen,BE,2821,4.34
Tavannes,BE,3626,14.8
Tecknau,BL,858,2.38
Tegerfelden,AG,1189,7.07
Tenero-Contra,TI,3108,3.7
Tenniken,BL,916,4.69
Tentlingen,FR,1342,3.66
Termen,VS,913,18.65
Terre_di_Pedemonte,TI,2598,11.55
Teufen_AR,AR,6267,15.29
Teufenthal_AG,AG,1674,3.55
Teuffenthal_BE,BE,165,4.57
Tévenon,VD,844,14.31
Thal,SG,6480,9.64
Thalheim_AG,AG,831,9.89
Thalheim_an_der_Thur,ZH,929,6.45
Thalwil,ZH,17857,5.51
Thayngen,SH,5445,19.96
Therwil,BL,9947,7.66
Thierachern,BE,2401,7.53
Thônex,GE,14091,3.84
Thörigen,BE,1127,4.56
Thun,BE,43743,21.56
Thundorf,TG,1459,15.6
Thunstetten,BE,3320,9.68
Thürnen,BL,1403,2.29
Thusis,GR,3199,16.77
Titterten,BL,414,3.68
Tobel-Tägerschen,TG,1594,7.11
Toffen,BE,2557,4.86
Tolochenaz,VD,1879,1.58
Törbel,VS,470,17.57
Torny,FR,933,10.23
Torricella-Taverne,TI,3053,5.29
Trachselwald,BE,961,15.99
Tramelan,BE,4595,24.79
Trasadingen,SH,591,4.12
Treiten,BE,420,4.71
Trélex,VD,1402,5.85
Trey,VD,270,3.77
Treycovagnes,VD,451,2.07
Treytorrens_Payerne,VD,122,3.11
Treyvaux,FR,1448,11.38
Triengen,LU,4652,22.08
Trient,VS,183,39.6
Trimbach,SO,6591,7.64
Trimmis,GR,3283,42.88
Trin,GR,1408,47.24
Trogen,AR,1721,10.02
Troinex,GE,2412,3.45
Troistorrents,VS,4602,36.92
Trub,BE,1353,62.01
Trubschachen,BE,1444,15.69
Trüllikon,ZH,1059,9.56
Trun,GR,1172,51.88
Truttikon,ZH,478,4.4
Tschappina,GR,129,24.67
Tschiertschen-Praden,GR,318,27.8
Tschugg,BE,446,3.31
Tübach,SG,1429,1.98
Tuggen,SZ,3317,13.54
Tujetsch,GR,1256,133.92
Turbenthal,ZH,4761,25.26
Turgi,AG,3010,1.52
Turtmann-Unterems,VS,1106,42.48
Twann-Tüscherz,BE,1134,12.31
Udligenswil,LU,2279,6.24
Ueberstorf,FR,2371,16.12
Uebeschi,BE,685,4.42
Ueken,AG,903,5.11
Uerkheim,AG,1337,7.11
Uesslingen-Buch,TG,1075,14.01
Uetendorf,BE,5950,10.17
Uetikon_am_See,ZH,6161,3.51
Uezwil,AG,484,2.47
Ufhusen,LU,903,12.19
Uitikon,ZH,4245,4.39
Ulmiz,FR,438,2.87
Unterägeri,ZG,8689,25.65
Unterbäch,VS,421,22.13
Untereggen,SG,1055,7.07
Unterengstringen,ZH,3804,3.36
Unterentfelden,AG,4070,2.88
Unteriberg,SZ,2413,46.49
Unterkulm,AG,3080,8.9
Unterlangenegg,BE,987,6.82
Unterlunkhofen,AG,1415,4.48
Unterramsern,SO,211,1.54
Unterschächen,UR,714,80.22
Unterseen,BE,5712,13.97
Untersiggenthal,AG,7193,8.27
Untervaz,GR,2512,27.69
Urdorf,ZH,9783,7.58
Urmein,GR,146,4.34
Urnäsch,AR,2315,48.13
Ursenbach,BE,905,9.16
Ursins,VD,218,3.38
Ursy,FR,3079,14.84
Urtenen-Schönbühl,BE,6222,7.16
Uster,ZH,34516,28.49
Uttigen,BE,2070,3.78
Uttwil,TG,1855,4.37
Utzenstorf,BE,4295,17
Uznach,SG,6336,7.57
Uzwil,SG,12849,14.5
Vacallo,TI,3383,1.64
Val_Müstair,GR,1511,198.6
Val_Terbi,JU,3179,46.73
Valangin,NE,504,3.75
Valbirse,BE,4017,18.73
Valbroye,VD,3025,33.52
Val-de-Charmey,FR,2477,112.09
Val-de-Ruz,NE,16907,124.38
Val-de-Travers,NE,10745,124.61
Val-d'Illiez,VS,1888,39.25
Valeyres-sous-Montagny,VD,705,2.25
Valeyres-sous-Rances,VD,629,6.36
Valeyres-sous-Ursins,VD,239,2.85
Vallon,FR,436,3.5
Vallorbe,VD,3851,23.16
Vals,GR,1050,175.5
Valsot,GR,859,159.1
Vandoeuvres,GE,2504,4.43
Varen,VS,625,12.77
Vaulion,VD,485,13.18
Vaulruz,FR,1060,10.05
Vaux-sur-Morges,VD,199,2.1
Vaz/Obervaz,GR,2721,42.5
Vechigen,BE,5242,24.87
Veltheim_AG,AG,1465,5.2
Vendlincourt,JU,557,9.15
Venthône,VS,1264,2.52
Vernate,TI,583,1.52
Vernayaz,VS,1886,5.64
Vernier,GE,35132,7.68
Vérossaz,VS,748,14.35
Versoix,GE,13329,10.52
Vétroz,VS,6268,10.43
Vevey,VD,19827,2.37
Vex,VS,1820,13.07
Veyras,VS,1832,1.42
Veyrier,GE,11540,6.52
Veysonnaz,VS,613,1.17
Veytaux,VD,868,6.78
Vezia,TI,1947,1.38
Vich,VD,1022,1.52
Vico_Morcote,TI,382,1.95
Villarsel-sur-Marly,FR,85,1.41
Villars-Epeney,VD,106,0.87
Villars-le-Comte,VD,142,4.18
Villars-le-Terroir,VD,1151,7.14
Villars-Sainte-Croix,VD,934,1.65
Villars-sous-Yens,VD,614,3.07
Villars-sur-Glâne,FR,12114,5.45
Villarzel,VD,416,7.69
Villaz-Saint-Pierre,FR,1330,5.52
Villeneuve_VD,VD,5673,32.02
Villeret,BE,924,16.26
Villigen,AG,2130,11.21
Villmergen,AG,7309,11.98
Villnachern,AG,1634,5.68
Villorsonnens,FR,1384,15.51
Vilters-Wangs,SG,4820,32.72
Vinelz,BE,860,4.6
Vinzel,VD,370,1.09
Vionnaz,VS,2646,20.95
Visp,VS,7891,13.19
Visperterminen,VS,1351,51.6
Vitznau,LU,1381,8.93
Vogorno,TI,279,23.96
Volken,ZH,342,3.28
Volketswil,ZH,18693,14.01
Vollèges,VS,2001,17.79
Vordemwald,AG,1954,10.12
Vorderthal,SZ,1025,27.95
Vouvry,VS,4138,33.47
Vuadens,FR,2317,10.44
Vuarrens,VD,1003,8.95
Vucherens,VD,582,3.27
Vufflens-la-Ville,VD,1284,5.4
Vufflens-le-Château,VD,884,2.15
Vugelles-La_Mothe,VD,122,3.09
Vuisternens-devant-Romont,FR,2287,24.03
Vuiteboeuf,VD,584,5.09
Vulliens,VD,516,6.68
Vullierens,VD,499,6.82
Vully-les-Lacs,VD,3086,20.9
Wachseldorn,BE,234,3.54
Wädenswil,ZH,24536,35.64
Wagenhausen,TG,1654,11.82
Wahlen,BL,1417,5.42
Walchwil,ZG,3617,13.5
Wald_AR,AR,857,6.84
Wald_BE,BE,1171,13.3
Wald_ZH,ZH,9815,25.28
Waldenburg,BL,1125,8.27
Wäldi,TG,1050,12.19
Waldkirch,SG,3498,31.35
Waldstatt,AR,1846,6.69
Walenstadt,SG,5598,45.68
Walkringen,BE,1782,17.2
Wallbach,AG,1950,4.48
Wallisellen,ZH,15939,6.45
Walliswil_bei_Niederbipp,BE,221,1.47
Walliswil_bei_Wangen,BE,601,3.07
Walperswil,BE,1008,7
Waltenschwil,AG,2925,4.55
Walterswil_BE,BE,554,7.93
Walterswil_SO,SO,701,4.49
Walzenhausen,AR,1994,7.03
Wangen_SZ,SZ,5011,8.43
Wangen_an_der_Aare,BE,2301,5.23
Wangen_bei_Olten,SO,5096,6.97
Wangen-Brüttisellen,ZH,7883,7.9
Wangenried,BE,431,2.89
Wängi,TG,4614,16.45
Wartau,SG,5296,41.75
Warth-Weiningen,TG,1252,8.22
Wassen,UR,422,96.91
Wasterkingen,ZH,574,3.94
Wattenwil,BE,2895,14.46
Wattwil,SG,8713,51.18
Wauwil,LU,2177,2.94
Weesen,SG,1646,5.42
Wegenstetten,AG,1070,7.06
Weggis,LU,4404,11.79
Weiach,ZH,1756,9.59
Weinfelden,TG,11241,15.5
Weiningen_ZH,ZH,4775,5.41
Weisslingen,ZH,3303,12.77
Welschenrohr,SO,1089,12.97
Wengi,BE,617,7.06
Wenslingen,BL,717,5.88
Werthenstein,LU,2115,15.74
Wettingen,AG,20847,10.64
Wettswil_am_Albis,ZH,5112,3.75
Wetzikon_ZH,ZH,24513,16.73
Wichtrach,BE,4318,11.61
Widen,AG,3693,2.6
Widnau,SG,9576,4.22
Wiedlisbach,BE,2317,7.5
Wiesendangen,ZH,6380,19.13
Wiggiswil,BE,102,1.46
Wigoltingen,TG,2410,17.18
Wikon,LU,1525,8.29
Wil_SG,SG,23768,20.82
Wil_ZH,ZH,1407,8.97
Wila,ZH,1975,9.23
Wilchingen,SH,1737,21.15
Wildberg,ZH,1000,10.51
Wilderswil,BE,2672,13.16
Wildhaus-Alt_St._Johann,SG,2662,87.48
Wilen_TG,TG,2482,2.25
Wiler_Lötschen,VS,571,14.88
Wiler_bei_Utzenstorf,BE,910,3.78
Wileroltigen,BE,357,4.13
Wiliberg,AG,166,1.2
Willadingen,BE,207,2.2
Willisau,LU,7825,41.17
Wimmis,BE,2446,22.34
Windisch,AG,7655,4.91
Winkel,ZH,4540,8.09
Wintersingen,BL,606,6.98
Winterthur,ZH,110912,68.12
Winznau,SO,1857,3.97
Wisen_SO,SO,403,4.81
Wislikofen,AG,341,3.69
Wittenbach,SG,9784,12.2
Witterswil,SO,1497,2.64
Wittinsburg,BL,434,3.19
Wittnau,AG,1304,11.24
Wohlen,AG,16407,12.45
Wohlen_bei_Bern,BE,9215,36.25
Wohlenschwil,AG,1556,4.42
Wolfenschiessen,NW,2093,92.64
Wolfhalden,AR,1836,6.97
Wolfisberg,BE,179,2.47
Wölflinswil,AG,1045,9.51
Wolfwil,SO,2200,6.88
Wolhusen,LU,4375,14.26
Wollerau,SZ,7101,6.37
Worb,BE,11394,21.06
Worben,BE,2266,2.7
Wünnewil-Flamatt,FR,5558,13.26
Wuppenau,TG,1133,12.07
Würenlingen,AG,4699,9.39
Würenlos,AG,6486,9
Wynau,BE,1630,5.12
Wynigen,BE,2043,28.29
Wyssachen,BE,1161,11.73
Yens,VD,1386,9.53
Yverdon-les-Bains,VD,30143,13.52
Yvonand,VD,3349,13.3
Yvorne,VD,1051,12.18
Zäziwil,BE,1628,5.42
Zeglingen,BL,489,7.91
Zeihen,AG,1170,6.89
Zeiningen,AG,2311,11.35
Zell_LU,LU,2004,13.89
Zell_ZH,ZH,5939,12.98
Zeneggen,VS,282,7.56
Zermatt,VS,5643,242.93
Zernez,GR,1532,344.02
Zetzwil,AG,1300,5.77
Ziefen,BL,1569,7.82
Zielebach,BE,323,1.91
Zihlschlacht-Sitterdorf,TG,2267,12.17
Zillis-Reischen,GR,388,24.46
Zizers,GR,3443,10.96
Zofingen,AG,11636,11.07
Zollikofen,BE,10314,5.42
Zollikon,ZH,12983,7.85
Zuchwil,SO,8875,4.66
Zufikon,AG,4481,4.81
Zug,ZG,30205,21.72
Zullwil,SO,676,3.65
Zumikon,ZH,5142,5.47
Zunzgen,BL,2502,6.86
Zuoz,GR,1207,65.63
Zürich,ZH,409241,87.91
Zuzgen,AG,860,8.35
Zuzwil_BE,BE,572,3.46
Zuzwil_SG,SG,4790,8.97
Zweisimmen,BE,3030,73.14
Zwieselberg,BE,324,2.43
Zwingen,BL,2339,4.6
Zwischbergen,VS,77,85.94
